experiment_a,experiment_b,metric,mean_a,mean_b,difference,pct_change,t_statistic,p_value,cohens_d,significant
baseline_ca_only,add_sotl,average_delay,35.50291006005996,24.75611270262909,-10.746797357430872,-30.27018725859545,18.228771886495473,0.02443061145596173,-18.228771886495473,True
baseline_ca_only,add_sotl,throughput,0.0,0.0,0.0,0.0,,,0.0,False
baseline_ca_only,add_sotl,average_queue_length,0.0,0.2273919753086419,0.2273919753086419,0.0,-245.58333333334028,0.002592261637762909,245.58333333334025,True
baseline_ca_only,add_sotl,average_speed,1.0265459171615405,1.2116177838536712,0.18507186669213072,18.028600922583692,-2.3625217311872446,0.1725810989471735,2.3625217311872446,False
