experiment,description,algorithms,run,seed,average_delay_mean,average_delay_std,average_delay_min,average_delay_max,average_delay_final,throughput_mean,throughput_std,throughput_min,throughput_max,throughput_final,average_queue_length_mean,average_queue_length_std,average_queue_length_min,average_queue_length_max,average_queue_length_final,average_speed_mean,average_speed_std,average_speed_min,average_speed_max,average_speed_final,total_vehicles_mean,total_vehicles_std,total_vehicles_min,total_vehicles_max,total_vehicles_final
baseline_ca_only,No adaptive control (fixed signals),cellular_automata,0,0,35.82357998438143,9.362220646129755,0.0,71.36363636363637,35.35511916567423,0.0,0.0,0.0,0.0,0.0,0.0,0.0,0.0,0.0,0.0,1.0592619196929263,0.7961241614296085,0.0,3.823529411764706,1.0943735868824467,17.425185185185185,4.382156048382248,0.0,33.0,16.15
baseline_ca_only,No adaptive control (fixed signals),cellular_automata,1,1,35.90417088353739,8.439430928678707,0.0,62.6125,35.65070095444569,0.0,0.0,0.0,0.0,0.0,0.0,0.0,0.0,0.0,0.0,1.0136912437823709,0.789678809843023,0.0,4.0,0.9587182474406342,17.839814814814815,4.068452244946492,0.0,32.0,16.372222222222224
add_sotl,Self-organizing traffic lights only,"cellular_automata,sotl",0,0,25.412818157683375,6.071105468274951,0.0,48.84,24.18538626717789,0.0,0.0,0.0,0.0,0.0,0.23942515432098768,0.07189858526954611,0.0,0.5208333333333334,0.22646604938271603,1.1591202740018491,0.5493031711597908,0.0,3.5,1.2508099590261181,15.507777777777777,4.372169419418553,0.0,30.0,14.987037037037037
add_sotl,Self-organizing traffic lights only,"cellular_automata,sotl",1,1,26.104555592822003,6.567633324188667,0.0,59.2,25.326839138080288,0.0,0.0,0.0,0.0,0.0,0.2318557098765432,0.06748332470683291,0.0,0.5,0.22831790123456788,1.1796490588896527,0.5437526840637739,0.0,4.0,1.1724256086812248,14.99388888888889,3.9329754623763318,0.0,29.0,14.742592592592592
